customerId,firstName,lastName,company,city,phone,email
DD37Cf93aecA6Dc,Sheryl,Baxter,Rasmussen Group,East Leonard,229.077.5154,zunigavanessa@smith.info
1Ef7b82A4CAAD10,Preston,Lozano,Vega-Gentry,East Jimmychester,5153435776,vmata@colon.com
6F94879bDAfE5a6,Roy,Berry,Murillo-Perry,Isabelborough,+1-539-402-0259,beckycarr@hogan.com
5Cef8BFA16c5e3c,Linda,Olsen,"Dominguez, Mcmillan and Donovan",Bensonview,001-808-617-6467x12895,stanleyblackwell@benson.org
053d585Ab6b3159,Joanna,Bender,"Martin, Lang and Andrade",West Priscilla,001-234-203-0635x76146,colinalvarado@miles.net
2d08FB17EE273F4,Aimee,Downs,Steele Group,Chavezborough,(283)437-3886x88321,louis27@gilbert.com
EA4d384DfDbBf77,Darren,Peck,"Lester, Woodard and Mitchell",Lake Ana,(496)452-6181x3291,tgates@cantrell.com
0e04AFde9f225dE,Brett,Mullen,"Sanford, Davenport and Giles",Kimport,001-583-352-7197x297,asnow@colon.com
C2dE4dEEc489ae0,Sheryl,Meyers,Browning-Simon,Robersonstad,854-138-4911x5772,mariokhan@ryan-pope.org
8C2811a503C7c5a,Michelle,Gallagher,Beck-Hendrix,Elaineberg,739.218.2516x459,mdyer@escobar.net
216E205d6eBb815,Carl,Schroeder,"Oconnell, Meza and Everett",Shannonville,637-854-0256x825,kirksalas@webb.com
CEDec94deE6d69B,Jenna,Dodson,"Hoffman, Reed and Mcclain",East Andrea,(041)737-3846,mark42@robbins.com
e35426EbDEceaFF,Tracey,Mata,Graham-Francis,South Joannamouth,001-949-844-8787,alex56@walls.org
A08A8aF8BE9FaD4,Kristine,Cox,Carpenter-Cook,Jodyberg,786-284-3358x62152,holdenmiranda@clarke.com
6fEaA1b7cab7B6C,Faith,Lutz,Carter-Hancock,Burchbury,(781)861-7180x8306,cassieparrish@blevins-chapman.net
8cad0b4CBceaeec,Miranda,Beasley,Singleton and Sons,Desireeshire,540.085.3135x185,vduncan@parks-hardy.com
a5DC21AE3a21eaA,Caroline,Foley,Winters-Mendoza,West Adriennestad,936.222.4746x9924,holtgwendolyn@watson-davenport.com
F8Aa9d6DfcBeeF8,Greg,Mata,Valentine LLC,Lake Leslie,(701)087-2415,jaredjuarez@carroll.org
F160f5Db3EfE973,Clifford,Jacobson,Simon LLC,Harmonview,001-151-330-3524x0469,joseph26@jacobson.com
0F60FF3DdCd7aB0,Joanna,Kirk,Mays-Mccormick,Jamesshire,(266)131-7001x711,tuckerangie@salazar.net
9F9AdB7B8A6f7F2,Maxwell,Frye,Patterson Inc,East Carly,423.262.3059,fgibson@drake-webb.com
FBd0Ded4F02a742,Kiara,Houston,"Manning, Hester and Arroyo",South Alvin,001-274-040-3582x10611,blanchardbob@wallace-shannon.com
2FB0FAA1d429421,Colleen,Howard,Greer and Sons,Brittanyview,1935085151,rsingleton@ryan-cherry.com
010468dAA11382c,Janet,Valenzuela,Watts-Donaldson,Veronicamouth,354.259.5062x7538,stefanie71@spence.com
eC1927Ca84E033e,Shane,Wilcox,Tucker LLC,Bryanville,(429)005-9030x11004,mariah88@santos.com
09D7D7C8Fe09aea,Marcus,Moody,Giles Ltd,Kaitlyntown,674-677-8623,donnamullins@norris-barrett.org
aBdfcF2c50b0bfD,Dakota,Poole,Simmons Group,Michealshire,(371)987-8576x4720,stacey67@fields.org
b92EBfdF8a3f0E6,Frederick,Harper,"Hinton, Chaney and Stokes",South Marissatown,+1-077-121-1558x0687,jacobkhan@bright.biz
3B5dAAFA41AFa22,Stefanie,Fitzpatrick,Santana-Duran,Acevedoville,(752)776-3286,wterrell@clark.com
EDA69ca7a6e96a2,Kent,Bradshaw,Sawyer PLC,North Harold,+1-472-143-5037x884,qjimenez@boyd.com
64DCcDFaB9DFd4e,Jack,Tate,"Acosta, Petersen and Morrow",West Samuel,965-108-4406x20714,gfigueroa@boone-zavala.com
679c6c83DD872d6,Tom,Trujillo,Mcgee Group,Cunninghamborough,416-338-3758,tapiagreg@beard.info
7Ce381e4Afa4ba9,Gabriel,Mejia,Adkins-Salinas,Port Annatown,4077245425,coleolson@jennings.net
A09AEc6E3bF70eE,Kaitlyn,Santana,Herrera Group,New Kaitlyn,6303643286,georgeross@miles.org
aA9BAFfBc3710fe,Faith,Moon,"Waters, Chase and Aguilar",West Marthaburgh,+1-586-217-0359x6317,willistonya@randolph-baker.com
E11dfb2DB8C9f72,Tammie,Haley,"Palmer, Barnes and Houston",East Teresa,001-276-734-4113x6087,harrisisaiah@jenkins.com
889eCf90f68c5Da,Nicholas,Sosa,Jordan Ltd,South Hunter,(661)425-6042,fwolfe@dorsey.com
7a1Ee69F4fF4B4D,Jordan,Gay,Glover and Sons,South Walter,7208417020,tiffanydavies@harris-mcfarland.org
dca4f1D0A0fc5c9,Bruce,Esparza,Huerta-Mclean,Poolefurt,559-529-4424,preese@frye-vega.com
17aD8e2dB3df03D,Sherry,Garza,Anderson Ltd,West John,001-067-713-6440x158,ann48@miller.com
2f79Cd309624Abb,Natalie,Gentry,Monroe PLC,West Darius,830.996.8238,tcummings@fitzpatrick-ashley.com
6e5ad5a5e2bB5Ca,Bryan,Dunn,Kaufman and Sons,North Jimstad,001-710-802-5565,woodwardandres@phelps.com
7E441b6B228DBcA,Wayne,Simpson,Perkins-Trevino,East Rebekahborough,(344)156-8632x1869,barbarapittman@holder.com
D3fC11A9C235Dc6,Luis,Greer,Cross PLC,North Drew,001-336-025-6849x701,bstuart@williamson-mcclure.com
30Dfa48fe5Ede78,Rhonda,Frost,"Herrera, Shepherd and Underwood",Lake Lindaburgh,(127)081-9339,zkrueger@wolf-chavez.net
fD780ED8dbEae7B,Joanne,Montes,"Price, Sexton and Mcdaniel",Gwendolynview,(897)726-7952,juan80@henson.net
300A40d3ce24bBA,Geoffrey,Guzman,Short-Wiggins,Zimmermanland,975.235.8921x269,bauercrystal@gay.com
283DFCD0Dba40aF,Gloria,Mccall,"Brennan, Acosta and Ramos",North Kerriton,445-603-6729,bartlettjenna@zuniga-moss.biz
F4Fc91fEAEad286,Brady,Cohen,Osborne-Erickson,North Eileenville,741.849.0139x524,mccalltyrone@durham-rose.biz
80F33Fd2AcebF05,Latoya,Mccann,"Hobbs, Garrett and Sanford",Port Sergiofort,(530)287-4548x29481,bobhammond@barry.biz
Aa20BDe68eAb0e9,Gerald,Hawkins,"Phelps, Forbes and Koch",New Alberttown,+1-323-239-1456x96168,uwarner@steele-arias.com
e898eEB1B9FE22b,Samuel,Crawford,"May, Goodwin and Martin",South Jasmine,802-242-7457,xpittman@ritter-carney.net
faCEF517ae7D8eB,Patricia,Goodwin,"Christian, Winters and Ellis",Cowanfort,322.549.7139x70040,vaughanchristy@lara.biz
c09952De6Cda8aA,Stacie,Richard,Byrd Inc,New Deborah,001-622-948-3641x24810,clinton85@colon-arias.org
f3BEf3Be028166f,Robin,West,"Nixon, Blackwell and Sosa",Wallstown,698.303.4267,greenemiranda@zimmerman.com
C6F2Fc6a7948a4e,Ralph,Haas,Montes PLC,Lake Ellenchester,2239271999,goodmancesar@figueroa.biz
c8FE57cBBdCDcb2,Phyllis,Maldonado,Costa PLC,Lake Whitney,4500370767,yhanson@warner-diaz.org
B5acdFC982124F2,Danny,Parrish,Novak LLC,East Jaredbury,(669)384-8597x8794,howelldarren@house-cohen.com
8c7DdF10798bCC3,Kathy,Hill,"Moore, Mccoy and Glass",Selenabury,001-171-716-2175x310,ncamacho@boone-simmons.org
C681dDd0cc422f7,Kelli,Hardy,Petty Ltd,Huangfort,020.324.2191x2022,kristopher62@oliver.com
a940cE42e035F28,Lynn,Pham,"Brennan, Camacho and Tapia",East Pennyshire,846.468.6834x611,mpham@rios-guzman.com
9Cf5E6AFE0aeBfd,Shelley,Harris,"Prince, Malone and Pugh",Port Jasminborough,423.098.0315x8373,zachary96@mitchell-bryant.org
aEcbe5365BbC67D,Eddie,Jimenez,Caldwell Group,West Kristine,+1-235-657-1073x6306,kristiwhitney@bernard.com
FCBdfCEAe20A8Dc,Chloe,Hutchinson,Simon LLC,South Julia,981-544-9452,leah85@sutton-terrell.com
636cBF0835E10ff,Eileen,Lynch,"Knight, Abbott and Hubbard",Helenborough,+1-158-951-4131x53578,levigiles@vincent.com
fF1b6c9E8Fbf1ff,Fernando,Lambert,Church-Banks,Lake Nancy,497.829.9038,fisherlinda@schaefer.net
2A13F74EAa7DA6c,Makayla,Cannon,Henderson Inc,Georgeport,001-215-801-6392x46009,scottcurtis@hurley.biz
a014Ec1b9FccC1E,Tom,Alvarado,Donaldson-Dougherty,South Sophiaberg,(585)606-2980x2258,nicholsonnina@montgomery.info
421a109cABDf5fa,Virginia,Dudley,Warren Ltd,Hartbury,027.846.3705x14184,zvalencia@phelps.com
CC68FD1D3Bbbf22,Riley,Good,Wade PLC,Erikaville,6977745822,alex06@galloway.com
CBCd2Ac8E3eBDF9,Alexandria,Buck,Keller-Coffey,Nicolasfort,078-900-4760x76668,lee48@manning.com
Ef859092FbEcC07,Richard,Roth,Conway-Mcbride,New Jasmineshire,581-440-6539,aharper@maddox-townsend.org
F560f2d3cDFb618,Candice,Keller,Huynh and Sons,East Summerstad,001-927-965-8550x92406,buckleycory@odonnell.net
A3F76Be153Df4a3,Anita,Benson,Parrish Ltd,Skinnerport,874.617.5668x69878,angie04@oconnell.com
D01Af0AF7cBbFeA,Regina,Stein,Guzman-Brown,Raystad,001-469-848-0724x4407,zrosario@rojas-hardin.net
d40e89dCade7b2F,Debra,Riddle,"Chang, Aguirre and Leblanc",Colinhaven,+1-768-182-6014x14336,shieldskerry@robles.com
BF6a1f9bd1bf8DE,Brittany,Zuniga,Mason-Hester,West Reginald,(050)136-9025,mchandler@cochran-huerta.org
FfaeFFbbbf280db,Cassidy,Mcmahon,"Mcguire, Huynh and Hopkins",Lake Sherryborough,5040771311,katrinalane@fitzgerald.com
CbAE1d1e9a8dCb1,Laurie,Pennington,"Sanchez, Marsh and Hale",Port Katherineville,007.155.3406x553,cookejill@powell.com
A7F85c1DE4dB87f,Alejandro,Blair,"Combs, Waller and Durham",Thomasland,(690)068-4641x51468,elizabethbarr@ewing.com
D6CEAfb3BDbaa1A,Leslie,Jennings,Blankenship-Arias,Coreybury,629.198.6346,corey75@wiggins.com
Ebdb6F6F7c90b69,Kathleen,Mckay,"Coffey, Lamb and Johnson",Lake Janiceton,(733)910-9968,chloelester@higgins-wilkinson.com
E8E7e8Cfe516ef0,Hunter,Moreno,Fitzpatrick-Lawrence,East Clinton,(733)833-6754,isaac26@benton-finley.com
78C06E9b6B3DF20,Chad,Davidson,Garcia-Jimenez,South Joshuashire,8275702958,justinwalters@jimenez.com
03A1E62ADdeb31c,Corey,Holt,"Mcdonald, Bird and Ramirez",New Glenda,001-439-242-4986x7918,maurice46@morgan.com
C6763c99d0bd16D,Emma,Cunningham,Stephens Inc,North Jillianview,128-059-0206x60217,walter83@juarez.org
ebe77E5Bf9476CE,Duane,Woods,Montoya-Miller,Lyonsberg,(636)544-7783x7288,kmercer@wagner.com
E4Bbcd8AD81fC5f,Alison,Vargas,"Vaughn, Watts and Leach",East Cristinabury,365-273-8144,vcantu@norton.com
efeb73245CDf1fF,Vernon,Kane,Carter-Strickland,Thomasfurt,114-854-1159x555,hilljesse@barrett.info
37Ec4B395641c1E,Lori,Flowers,Decker-Mcknight,North Joeburgh,679.415.1210,tyrone77@valenzuela.info
5ef6d3eefdD43bE,Nina,Chavez,Byrd-Campbell,Cassidychester,053-344-3205,elliserica@frank.com
98b3aeDcC3B9FF3,Shane,Foley,Rocha-Hart,South Dannymouth,+1-822-569-0302,nsteele@sparks.com
aAb6AFc7AfD0fF3,Collin,Ayers,Lamb-Peterson,South Lonnie,404-645-5351x012,dudleyemily@gonzales.biz
54B5B5Fe9F1B6C5,Sherry,Young,"Lee, Lucero and Johnson",Frankchester,158-687-1764,alan79@gates-mclaughlin.com
BE91A0bdcA49Bbc,Darrell,Douglas,"Newton, Petersen and Mathis",Daisyborough,001-084-845-9524x1777,grayjean@lowery-good.com
cb8E23e48d22Eae,Karl,Greer,Carey LLC,East Richard,(188)169-1674x58692,hhart@jensen.com
CeD220bdAaCfaDf,Lynn,Atkinson,"Ware, Burns and Oneal",New Bradview,+1-846-706-2218,vkemp@ferrell.com
28CDbC0dFe4b1Db,Fred,Guerra,Schmitt-Jones,Ortegaland,+1-753-067-8419x7170,swagner@kane.org
c23d1D9EE8DEB0A,Yvonne,Farmer,Fitzgerald-Harrell,Lake Elijahview,(530)311-9786,mccarthystephen@horn-green.biz
2354a0E336A91A1,Clarence,Haynes,"Le, Nash and Cross",Judymouth,(753)813-6941,colleen91@faulkner.biz
